mean_fit_time,std_fit_time,mean_score_time,std_score_time,param_model__regressor__subsample,param_model__regressor__reg_lambda,param_model__regressor__reg_alpha,param_model__regressor__n_estimators,param_model__regressor__min_child_weight,param_model__regressor__max_depth,param_model__regressor__learning_rate,param_model__regressor__gamma,param_model__regressor__colsample_bytree,params,split0_test_score,split1_test_score,split2_test_score,mean_test_score,std_test_score,rank_test_score,split0_train_score,split1_train_score,split2_train_score,mean_train_score,std_train_score
0.12064059575398763,0.0050739113804864604,0.011857906977335611,0.0024426040741916477,0.6,5.0,0.0,600,10.0,3,0.1,0.01,0.5,"{'model__regressor__subsample': 0.6, 'model__regressor__reg_lambda': 5.0, 'model__regressor__reg_alpha': 0.0, 'model__regressor__n_estimators': 600, 'model__regressor__min_child_weight': 10.0, 'model__regressor__max_depth': 3, 'model__regressor__learning_rate': 0.1, 'model__regressor__gamma': 0.01, 'model__regressor__colsample_bytree': 0.5}",-0.12650036811828613,-0.12673130631446838,-0.12415841966867447,-0.12579669803380966,0.001162267930632895,3,-0.04875640571117401,-0.052611276507377625,-0.050403766334056854,-0.0505904828508695,0.0015792729354767135
0.2194831371307373,0.010824850253179657,0.010756095250447592,0.0021569712761140146,1.0,5.0,1.0,1000,5.0,6,0.1,0.0,1.0,"{'model__regressor__subsample': 1.0, 'model__regressor__reg_lambda': 5.0, 'model__regressor__reg_alpha': 1.0, 'model__regressor__n_estimators': 1000, 'model__regressor__min_child_weight': 5.0, 'model__regressor__max_depth': 6, 'model__regressor__learning_rate': 0.1, 'model__regressor__gamma': 0.0, 'model__regressor__colsample_bytree': 1.0}",-0.14489035308361053,-0.13307863473892212,-0.1309044063091278,-0.13629113137722015,0.006145013034050352,24,-0.06058809906244278,-0.0614255927503109,-0.058022186160087585,-0.06001195932428042,0.0014479288318171837
1.2238813241322835,0.019796219000479554,0.017536401748657227,0.0025104030429828747,0.8,0.1,0.1,600,3.0,8,0.01,0.0,0.7,"{'model__regressor__subsample': 0.8, 'model__regressor__reg_lambda': 0.1, 'model__regressor__reg_alpha': 0.1, 'model__regressor__n_estimators': 600, 'model__regressor__min_child_weight': 3.0, 'model__regressor__max_depth': 8, 'model__regressor__learning_rate': 0.01, 'model__regressor__gamma': 0.0, 'model__regressor__colsample_bytree': 0.7}",-0.1360166072845459,-0.128512904047966,-0.12544289231300354,-0.12999080121517181,0.004441395959416437,15,-0.026455242186784744,-0.02787669003009796,-0.02583322301506996,-0.02672171841065089,0.0008552568985559566
0.48040541013081867,0.01858519856991053,0.011993646621704102,0.00015052742864527042,1.0,1.0,0.0,1500,10.0,3,0.1,0.0,1.0,"{'model__regressor__subsample': 1.0, 'model__regressor__reg_lambda': 1.0, 'model__regressor__reg_alpha': 0.0, 'model__regressor__n_estimators': 1500, 'model__regressor__min_child_weight': 10.0, 'model__regressor__max_depth': 3, 'model__regressor__learning_rate': 0.1, 'model__regressor__gamma': 0.0, 'model__regressor__colsample_bytree': 1.0}",-0.1343955099582672,-0.1258409321308136,-0.1276731789112091,-0.12930320700009665,0.0036776753644489433,13,-0.010905862785875797,-0.013083068653941154,-0.012186993844807148,-0.012058641761541367,0.0008934621950381396
0.23581218719482422,0.003079712973268364,0.010529677073160807,0.0014134872405040274,0.8,0.1,0.01,1500,5.0,3,0.05,0.1,0.9,"{'model__regressor__subsample': 0.8, 'model__regressor__reg_lambda': 0.1, 'model__regressor__reg_alpha': 0.01, 'model__regressor__n_estimators': 1500, 'model__regressor__min_child_weight': 5.0, 'model__regressor__max_depth': 3, 'model__regressor__learning_rate': 0.05, 'model__regressor__gamma': 0.1, 'model__regressor__colsample_bytree': 0.9}",-0.13602469861507416,-0.13074693083763123,-0.1211085394024849,-0.12929338961839676,0.0061756261745045254,12,-0.08856470137834549,-0.09135644882917404,-0.08873513340950012,-0.08955209453900655,0.001277766951272217
0.21694103876749674,0.0031831171923216825,0.010087251663208008,0.0019778992940062273,1.0,0.1,0.1,600,5.0,3,0.03,0.0,0.9,"{'model__regressor__subsample': 1.0, 'model__regressor__reg_lambda': 0.1, 'model__regressor__reg_alpha': 0.1, 'model__regressor__n_estimators': 600, 'model__regressor__min_child_weight': 5.0, 'model__regressor__max_depth': 3, 'model__regressor__learning_rate': 0.03, 'model__regressor__gamma': 0.0, 'model__regressor__colsample_bytree': 0.9}",-0.1309441775083542,-0.12478872388601303,-0.12135575711727142,-0.12569621950387955,0.003966704141674641,2,-0.06278180330991745,-0.06845581531524658,-0.06392395496368408,-0.06505385786294937,0.0024503215408704848
0.14381170272827148,0.0015029338904187614,0.009676376978556315,0.002352913810934837,1.0,5.0,0.01,600,1.0,6,0.05,0.1,0.7,"{'model__regressor__subsample': 1.0, 'model__regressor__reg_lambda': 5.0, 'model__regressor__reg_alpha': 0.01, 'model__regressor__n_estimators': 600, 'model__regressor__min_child_weight': 1.0, 'model__regressor__max_depth': 6, 'model__regressor__learning_rate': 0.05, 'model__regressor__gamma': 0.1, 'model__regressor__colsample_bytree': 0.7}",-0.14321304857730865,-0.12936460971832275,-0.13264374434947968,-0.1350738008817037,0.005908959060619795,23,-0.08424974977970123,-0.08720703423023224,-0.086369089782238,-0.08594195793072383,0.0012445116965491773
0.1996748447418213,0.004724548247316291,0.011180241902669271,0.0018330735545537891,0.8,1.0,0.001,600,5.0,3,0.1,0.0,0.9,"{'model__regressor__subsample': 0.8, 'model__regressor__reg_lambda': 1.0, 'model__regressor__reg_alpha': 0.001, 'model__regressor__n_estimators': 600, 'model__regressor__min_child_weight': 5.0, 'model__regressor__max_depth': 3, 'model__regressor__learning_rate': 0.1, 'model__regressor__gamma': 0.0, 'model__regressor__colsample_bytree': 0.9}",-0.13042442500591278,-0.12706658244132996,-0.12144464254379272,-0.12631188333034515,0.0037046188582939427,7,-0.02816988155245781,-0.030970798805356026,-0.02844046987593174,-0.02919371674458186,0.0012614330470392602
0.13410250345865884,0.0046269827995531745,0.00983277956644694,0.0017834890543818231,0.6,20.0,0.0,300,1.0,3,0.01,0.01,0.9,"{'model__regressor__subsample': 0.6, 'model__regressor__reg_lambda': 20.0, 'model__regressor__reg_alpha': 0.0, 'model__regressor__n_estimators': 300, 'model__regressor__min_child_weight': 1.0, 'model__regressor__max_depth': 3, 'model__regressor__learning_rate': 0.01, 'model__regressor__gamma': 0.01, 'model__regressor__colsample_bytree': 0.9}",-0.17294181883335114,-0.16345517337322235,-0.16263900697231293,-0.1663453330596288,0.004676305544671219,30,-0.1451212614774704,-0.1506623923778534,-0.1499355286359787,-0.14857306083043417,0.002458762806054273
0.36376063028971356,0.002092737022948184,0.010577122370402018,0.00025489197365839174,0.6,1.0,0.1,1500,5.0,3,0.05,0.01,0.9,"{'model__regressor__subsample': 0.6, 'model__regressor__reg_lambda': 1.0, 'model__regressor__reg_alpha': 0.1, 'model__regressor__n_estimators': 1500, 'model__regressor__min_child_weight': 5.0, 'model__regressor__max_depth': 3, 'model__regressor__learning_rate': 0.05, 'model__regressor__gamma': 0.01, 'model__regressor__colsample_bytree': 0.9}",-0.13041304051876068,-0.12210224568843842,-0.11702323704957962,-0.12317950775225957,0.0055191834783437825,1,-0.04604008421301842,-0.046682171523571014,-0.04624731093645096,-0.046323188891013466,0.0002675657259872285
0.32072941462198895,0.01447946457079305,0.011383930842081705,0.0011504695340558671,0.6,20.0,0.001,1000,10.0,3,0.03,0.0,1.0,"{'model__regressor__subsample': 0.6, 'model__regressor__reg_lambda': 20.0, 'model__regressor__reg_alpha': 0.001, 'model__regressor__n_estimators': 1000, 'model__regressor__min_child_weight': 10.0, 'model__regressor__max_depth': 3, 'model__regressor__learning_rate': 0.03, 'model__regressor__gamma': 0.0, 'model__regressor__colsample_bytree': 1.0}",-0.13215431571006775,-0.12665988504886627,-0.11953026056289673,-0.12611482044061026,0.005168140456043079,5,-0.06892114132642746,-0.0728953406214714,-0.07070042192935944,-0.0708389679590861,0.0016254150774385218
0.5942335923512777,0.05743754728871847,0.012265364329020182,0.0004259271826694512,0.8,1.0,0.0,1500,5.0,3,0.1,0.0,1.0,"{'model__regressor__subsample': 0.8, 'model__regressor__reg_lambda': 1.0, 'model__regressor__reg_alpha': 0.0, 'model__regressor__n_estimators': 1500, 'model__regressor__min_child_weight': 5.0, 'model__regressor__max_depth': 3, 'model__regressor__learning_rate': 0.1, 'model__regressor__gamma': 0.0, 'model__regressor__colsample_bytree': 1.0}",-0.12907716631889343,-0.1262820065021515,-0.12249956279993057,-0.1259529118736585,0.002695359526920958,4,-0.00680937385186553,-0.007231805939227343,-0.006966291461139917,-0.00700249041741093,0.00017434638020245315
0.5169546604156494,0.054716429991710336,0.013352314631144205,0.0008421480016101931,0.8,1.0,1.0,1000,5.0,4,0.05,0.0,0.7,"{'model__regressor__subsample': 0.8, 'model__regressor__reg_lambda': 1.0, 'model__regressor__reg_alpha': 1.0, 'model__regressor__n_estimators': 1000, 'model__regressor__min_child_weight': 5.0, 'model__regressor__max_depth': 4, 'model__regressor__learning_rate': 0.05, 'model__regressor__gamma': 0.0, 'model__regressor__colsample_bytree': 0.7}",-0.13542814552783966,-0.1266881376504898,-0.12167608737945557,-0.12793079018592834,0.005682600040005643,11,-0.05319230630993843,-0.05470160394906998,-0.05396536737680435,-0.05395309254527092,0.0006162293103971904
0.26767341295878094,0.0616727344270674,0.009171168009440104,0.0007191612938535858,1.0,5.0,0.01,1000,1.0,8,0.05,0.1,1.0,"{'model__regressor__subsample': 1.0, 'model__regressor__reg_lambda': 5.0, 'model__regressor__reg_alpha': 0.01, 'model__regressor__n_estimators': 1000, 'model__regressor__min_child_weight': 1.0, 'model__regressor__max_depth': 8, 'model__regressor__learning_rate': 0.05, 'model__regressor__gamma': 0.1, 'model__regressor__colsample_bytree': 1.0}",-0.14588461816310883,-0.1299174278974533,-0.13532593846321106,-0.1370426615079244,0.006630643244517506,26,-0.08308945596218109,-0.08639843016862869,-0.08558753877878189,-0.08502514163653056,0.0014082010945276322
0.22201959292093912,0.003064243511568486,0.00974583625793457,0.00020259052048246786,0.8,0.1,0.001,1500,1.0,6,0.1,0.01,0.5,"{'model__regressor__subsample': 0.8, 'model__regressor__reg_lambda': 0.1, 'model__regressor__reg_alpha': 0.001, 'model__regressor__n_estimators': 1500, 'model__regressor__min_child_weight': 1.0, 'model__regressor__max_depth': 6, 'model__regressor__learning_rate': 0.1, 'model__regressor__gamma': 0.01, 'model__regressor__colsample_bytree': 0.5}",-0.13679708540439606,-0.12627139687538147,-0.12701407074928284,-0.13002751767635345,0.004796399798401633,16,-0.03747912868857384,-0.03805309161543846,-0.03772434592247009,-0.0377521887421608,0.00023514502944636562
0.30230991045633954,0.0060753773372124,0.01033933957417806,0.0008843087551777068,1.0,0.1,1.0,600,5.0,4,0.03,0.0,0.9,"{'model__regressor__subsample': 1.0, 'model__regressor__reg_lambda': 0.1, 'model__regressor__reg_alpha': 1.0, 'model__regressor__n_estimators': 600, 'model__regressor__min_child_weight': 5.0, 'model__regressor__max_depth': 4, 'model__regressor__learning_rate': 0.03, 'model__regressor__gamma': 0.0, 'model__regressor__colsample_bytree': 0.9}",-0.14078748226165771,-0.125978022813797,-0.1271032691001892,-0.13128959139188132,0.0067317156323330836,22,-0.06866227835416794,-0.07302460819482803,-0.06970257312059402,-0.07046315322319667,0.0018603479923631969
0.17902104059855142,0.006367826388573546,0.009180625279744467,0.00019848355858730364,0.6,20.0,0.001,1000,5.0,2,0.03,0.0,0.5,"{'model__regressor__subsample': 0.6, 'model__regressor__reg_lambda': 20.0, 'model__regressor__reg_alpha': 0.001, 'model__regressor__n_estimators': 1000, 'model__regressor__min_child_weight': 5.0, 'model__regressor__max_depth': 2, 'model__regressor__learning_rate': 0.03, 'model__regressor__gamma': 0.0, 'model__regressor__colsample_bytree': 0.5}",-0.1315789818763733,-0.13007746636867523,-0.11828283220529556,-0.12664642681678137,0.005945638363479578,9,-0.08847060799598694,-0.09244225174188614,-0.093228280544281,-0.09138038009405136,0.002082392945076129
0.18521896998087564,0.008489508035489498,0.010879278182983398,0.0023881478846223643,0.8,20.0,1.0,600,10.0,3,0.1,0.0,0.7,"{'model__regressor__subsample': 0.8, 'model__regressor__reg_lambda': 20.0, 'model__regressor__reg_alpha': 1.0, 'model__regressor__n_estimators': 600, 'model__regressor__min_child_weight': 10.0, 'model__regressor__max_depth': 3, 'model__regressor__learning_rate': 0.1, 'model__regressor__gamma': 0.0, 'model__regressor__colsample_bytree': 0.7}",-0.13633394241333008,-0.13031171262264252,-0.12252414226531982,-0.12972326576709747,0.005653161198736311,14,-0.06954879313707352,-0.07213244587182999,-0.06992510706186295,-0.07053544869025548,0.0011396499582372612
0.2829419771830241,0.004782182803841888,0.010444005330403646,0.0001717587403878006,1.0,1.0,0.1,1000,5.0,4,0.1,0.0,0.5,"{'model__regressor__subsample': 1.0, 'model__regressor__reg_lambda': 1.0, 'model__regressor__reg_alpha': 0.1, 'model__regressor__n_estimators': 1000, 'model__regressor__min_child_weight': 5.0, 'model__regressor__max_depth': 4, 'model__regressor__learning_rate': 0.1, 'model__regressor__gamma': 0.0, 'model__regressor__colsample_bytree': 0.5}",-0.13265374302864075,-0.12313203513622284,-0.1234041377902031,-0.1263966386516889,0.004425835239562382,8,-0.014995007775723934,-0.01597781665623188,-0.015818888321518898,-0.015597237584491571,0.0004307552366250766
0.2629563808441162,0.0058267348421952485,0.009691953659057617,5.8021828084136295e-05,0.6,20.0,0.0,600,3.0,6,0.01,0.1,0.5,"{'model__regressor__subsample': 0.6, 'model__regressor__reg_lambda': 20.0, 'model__regressor__reg_alpha': 0.0, 'model__regressor__n_estimators': 600, 'model__regressor__min_child_weight': 3.0, 'model__regressor__max_depth': 6, 'model__regressor__learning_rate': 0.01, 'model__regressor__gamma': 0.1, 'model__regressor__colsample_bytree': 0.5}",-0.14697888493537903,-0.13818234205245972,-0.1317300796508789,-0.13896376887957254,0.006249772612703518,28,-0.11079200357198715,-0.11438767611980438,-0.11421112716197968,-0.11313026895125707,0.0016549735388713355
0.6634649435679117,0.0077949727315921955,0.01625800132751465,0.0016512248740512948,0.6,0.1,0.01,1000,3.0,8,0.1,0.0,0.5,"{'model__regressor__subsample': 0.6, 'model__regressor__reg_lambda': 0.1, 'model__regressor__reg_alpha': 0.01, 'model__regressor__n_estimators': 1000, 'model__regressor__min_child_weight': 3.0, 'model__regressor__max_depth': 8, 'model__regressor__learning_rate': 0.1, 'model__regressor__gamma': 0.0, 'model__regressor__colsample_bytree': 0.5}",-0.1328539401292801,-0.13064536452293396,-0.12818796932697296,-0.130562424659729,0.0019057772076289507,18,-0.0009649746352806687,-0.0009652122971601784,-0.0010226567974314094,-0.0009842812432907522,2.713578802361838e-05
0.12740262349446616,0.0002794573811737373,0.008421659469604492,0.00016551550548231375,0.8,0.1,0.01,1000,10.0,4,0.1,0.1,0.5,"{'model__regressor__subsample': 0.8, 'model__regressor__reg_lambda': 0.1, 'model__regressor__reg_alpha': 0.01, 'model__regressor__n_estimators': 1000, 'model__regressor__min_child_weight': 10.0, 'model__regressor__max_depth': 4, 'model__regressor__learning_rate': 0.1, 'model__regressor__gamma': 0.1, 'model__regressor__colsample_bytree': 0.5}",-0.13536947965621948,-0.13122695684432983,-0.1258222907781601,-0.13080624242623648,0.003908960163055212,19,-0.0871339961886406,-0.09199125319719315,-0.09104686230421066,-0.09005737056334813,0.0021027849534541233
0.1516273021697998,0.0014813246338419212,0.008229414621988932,7.25242861024774e-05,0.8,20.0,0.1,600,3.0,2,0.01,0.01,1.0,"{'model__regressor__subsample': 0.8, 'model__regressor__reg_lambda': 20.0, 'model__regressor__reg_alpha': 0.1, 'model__regressor__n_estimators': 600, 'model__regressor__min_child_weight': 3.0, 'model__regressor__max_depth': 2, 'model__regressor__learning_rate': 0.01, 'model__regressor__gamma': 0.01, 'model__regressor__colsample_bytree': 1.0}",-0.15566577017307281,-0.1478016972541809,-0.1408616453409195,-0.14810970425605774,0.006047681607933104,29,-0.12587785720825195,-0.1309928297996521,-0.13348537683486938,-0.13011868794759116,0.0031666682491735456
0.11802379290262859,0.0032183593472817173,0.008012930552164713,9.847222894240692e-05,1.0,1.0,0.1,600,1.0,8,0.1,0.05,0.5,"{'model__regressor__subsample': 1.0, 'model__regressor__reg_lambda': 1.0, 'model__regressor__reg_alpha': 0.1, 'model__regressor__n_estimators': 600, 'model__regressor__min_child_weight': 1.0, 'model__regressor__max_depth': 8, 'model__regressor__learning_rate': 0.1, 'model__regressor__gamma': 0.05, 'model__regressor__colsample_bytree': 0.5}",-0.1416279524564743,-0.13326190412044525,-0.13480743765830994,-0.1365657647450765,0.003634691807039157,25,-0.06629451364278793,-0.06731891632080078,-0.06681949645280838,-0.06681097547213237,0.00041825404322710734
0.10478806495666504,0.0036785452962093917,0.009758313496907553,0.0020254930927488253,0.6,5.0,0.1,300,5.0,3,0.05,0.01,0.7,"{'model__regressor__subsample': 0.6, 'model__regressor__reg_lambda': 5.0, 'model__regressor__reg_alpha': 0.1, 'model__regressor__n_estimators': 300, 'model__regressor__min_child_weight': 5.0, 'model__regressor__max_depth': 3, 'model__regressor__learning_rate': 0.05, 'model__regressor__gamma': 0.01, 'model__regressor__colsample_bytree': 0.7}",-0.13260766863822937,-0.12733928859233856,-0.11894664168357849,-0.12629786630471548,0.005625497586868386,6,-0.07801221311092377,-0.08201301842927933,-0.07992880791425705,-0.07998467981815338,0.0016337996717425884
0.11711390813191731,0.0066340662847032975,0.009886582692464193,0.0020804841856204744,0.8,5.0,1.0,300,3.0,3,0.05,0.0,0.7,"{'model__regressor__subsample': 0.8, 'model__regressor__reg_lambda': 5.0, 'model__regressor__reg_alpha': 1.0, 'model__regressor__n_estimators': 300, 'model__regressor__min_child_weight': 3.0, 'model__regressor__max_depth': 3, 'model__regressor__learning_rate': 0.05, 'model__regressor__gamma': 0.0, 'model__regressor__colsample_bytree': 0.7}",-0.1363353133201599,-0.12973055243492126,-0.12420278042554855,-0.13008954872687659,0.004959586499090082,17,-0.0868874117732048,-0.09100804477930069,-0.08935467153787613,-0.08908337603012721,0.0016931440246132367
0.3380080858866374,0.011304613312446652,0.010671377182006836,0.00030589713831124203,1.0,10.0,0.01,1500,1.0,3,0.01,0.05,0.7,"{'model__regressor__subsample': 1.0, 'model__regressor__reg_lambda': 10.0, 'model__regressor__reg_alpha': 0.01, 'model__regressor__n_estimators': 1500, 'model__regressor__min_child_weight': 1.0, 'model__regressor__max_depth': 3, 'model__regressor__learning_rate': 0.01, 'model__regressor__gamma': 0.05, 'model__regressor__colsample_bytree': 0.7}",-0.14103473722934723,-0.12654876708984375,-0.12626442313194275,-0.13128264248371124,0.006896749322083773,21,-0.09193169325590134,-0.09271687269210815,-0.09401603043079376,-0.09288819879293442,0.0008595075486493735
0.28949761390686035,0.008523281244390625,0.010535001754760742,0.00134409248782601,1.0,10.0,0.0,1000,1.0,3,0.01,0.05,0.7,"{'model__regressor__subsample': 1.0, 'model__regressor__reg_lambda': 10.0, 'model__regressor__reg_alpha': 0.0, 'model__regressor__n_estimators': 1000, 'model__regressor__min_child_weight': 1.0, 'model__regressor__max_depth': 3, 'model__regressor__learning_rate': 0.01, 'model__regressor__gamma': 0.05, 'model__regressor__colsample_bytree': 0.7}",-0.14045511186122894,-0.12637127935886383,-0.12658338248729706,-0.1311365912357966,0.006589758059252688,20,-0.09192874282598495,-0.09266110509634018,-0.09411171078681946,-0.09290051956971486,0.0009071298132216966
0.8228282928466797,0.03457324270247356,0.012803395589192709,0.0011806422772464235,1.0,0.1,1.0,1500,5.0,8,0.01,0.01,0.9,"{'model__regressor__subsample': 1.0, 'model__regressor__reg_lambda': 0.1, 'model__regressor__reg_alpha': 1.0, 'model__regressor__n_estimators': 1500, 'model__regressor__min_child_weight': 5.0, 'model__regressor__max_depth': 8, 'model__regressor__learning_rate': 0.01, 'model__regressor__gamma': 0.01, 'model__regressor__colsample_bytree': 0.9}",-0.1498212218284607,-0.13191655278205872,-0.1311991661787033,-0.1376456469297409,0.008614411528379638,27,-0.06829637289047241,-0.07085699588060379,-0.06791365891695023,-0.06902234256267548,0.001306670602235905
0.27613433202107746,0.016150776332774664,0.009409348169962565,0.0008699488591911103,1.0,0.1,0.01,1500,5.0,2,0.03,0.0,0.9,"{'model__regressor__subsample': 1.0, 'model__regressor__reg_lambda': 0.1, 'model__regressor__reg_alpha': 0.01, 'model__regressor__n_estimators': 1500, 'model__regressor__min_child_weight': 5.0, 'model__regressor__max_depth': 2, 'model__regressor__learning_rate': 0.03, 'model__regressor__gamma': 0.0, 'model__regressor__colsample_bytree': 0.9}",-0.12890714406967163,-0.1330951303243637,-0.11912743747234344,-0.12704323728879294,0.005852618916231645,10,-0.06325390189886093,-0.0667574480175972,-0.06297243386507034,-0.06432792792717616,0.0017217688512749674
