mean_fit_time,std_fit_time,mean_score_time,std_score_time,param_model__regressor__subsample,param_model__regressor__reg_lambda,param_model__regressor__reg_alpha,param_model__regressor__num_leaves,param_model__regressor__n_estimators,param_model__regressor__min_child_samples,param_model__regressor__max_depth,param_model__regressor__learning_rate,param_model__regressor__colsample_bytree,params,split0_test_score,split1_test_score,split2_test_score,mean_test_score,std_test_score,rank_test_score,split0_train_score,split1_train_score,split2_train_score,mean_train_score,std_train_score
0.42377837498982746,0.0066133619836890945,0.04792865117390951,0.0007675744451569003,0.7,0.1,0.01,31,600,10,-1,0.03,0.7,"{'model__regressor__subsample': 0.7, 'model__regressor__reg_lambda': 0.1, 'model__regressor__reg_alpha': 0.01, 'model__regressor__num_leaves': 31, 'model__regressor__n_estimators': 600, 'model__regressor__min_child_samples': 10, 'model__regressor__max_depth': -1, 'model__regressor__learning_rate': 0.03, 'model__regressor__colsample_bytree': 0.7}",-0.13135997132614147,-0.12745946285319024,-0.12055770434443482,-0.12645904617458884,0.004466383185093977,3,-0.01746103882014962,-0.021860482593020418,-0.01752062204843762,-0.01894738115386922,0.002060017400632317
0.090760072072347,0.004096162128970744,0.012032667795817057,0.00027685673045031473,0.85,0.01,0.1,15,300,40,6,0.03,0.7,"{'model__regressor__subsample': 0.85, 'model__regressor__reg_lambda': 0.01, 'model__regressor__reg_alpha': 0.1, 'model__regressor__num_leaves': 15, 'model__regressor__n_estimators': 300, 'model__regressor__min_child_samples': 40, 'model__regressor__max_depth': 6, 'model__regressor__learning_rate': 0.03, 'model__regressor__colsample_bytree': 0.7}",-0.1416967908487393,-0.12884315149650946,-0.12479893734731008,-0.13177962656418626,0.007204236143004407,19,-0.08883874370830686,-0.09111943064722217,-0.09260276571774936,-0.09085364669109279,0.0015481055638841815
0.6773236592610677,0.012863982920220205,0.046801090240478516,0.0014967731295612568,0.85,0.0,0.0,31,1000,5,10,0.1,0.9,"{'model__regressor__subsample': 0.85, 'model__regressor__reg_lambda': 0.0, 'model__regressor__reg_alpha': 0.0, 'model__regressor__num_leaves': 31, 'model__regressor__n_estimators': 1000, 'model__regressor__min_child_samples': 5, 'model__regressor__max_depth': 10, 'model__regressor__learning_rate': 0.1, 'model__regressor__colsample_bytree': 0.9}",-0.13549406321083676,-0.13140479721436502,-0.12964728591565397,-0.13218204878028525,0.0024493932830274992,24,-7.231598175119946e-06,-1.8419384772695315e-05,-0.00011873018194783155,-4.812705496521561e-05,5.013244323476741e-05
0.12808124224344888,0.0012943967578704929,0.014758984247843424,0.002102827325856962,0.85,0.0,1.0,31,300,5,6,0.03,0.7,"{'model__regressor__subsample': 0.85, 'model__regressor__reg_lambda': 0.0, 'model__regressor__reg_alpha': 1.0, 'model__regressor__num_leaves': 31, 'model__regressor__n_estimators': 300, 'model__regressor__min_child_samples': 5, 'model__regressor__max_depth': 6, 'model__regressor__learning_rate': 0.03, 'model__regressor__colsample_bytree': 0.7}",-0.14087091035439622,-0.12713537035099162,-0.1253161337885433,-0.13110747149797705,0.006943628213204485,18,-0.07062229289513346,-0.07346398053779808,-0.07000330506957034,-0.0713631928341673,0.001506821868225435
0.12495358784993489,0.003308159502048383,0.018345435460408527,0.0021819291534235855,0.7,10.0,0.0,31,300,20,10,0.03,0.5,"{'model__regressor__subsample': 0.7, 'model__regressor__reg_lambda': 10.0, 'model__regressor__reg_alpha': 0.0, 'model__regressor__num_leaves': 31, 'model__regressor__n_estimators': 300, 'model__regressor__min_child_samples': 20, 'model__regressor__max_depth': 10, 'model__regressor__learning_rate': 0.03, 'model__regressor__colsample_bytree': 0.5}",-0.1339707066536608,-0.12946588509699775,-0.1201906386907936,-0.12787574348048406,0.005736955117815037,7,-0.0762565599437578,-0.0782394147323433,-0.08014755913174451,-0.07821451126928188,0.00158859136912395
0.10771894454956055,0.008558529723145565,0.012653430302937826,0.00044204640604693265,1.0,0.1,1.0,31,600,40,10,0.1,0.5,"{'model__regressor__subsample': 1.0, 'model__regressor__reg_lambda': 0.1, 'model__regressor__reg_alpha': 1.0, 'model__regressor__num_leaves': 31, 'model__regressor__n_estimators': 600, 'model__regressor__min_child_samples': 40, 'model__regressor__max_depth': 10, 'model__regressor__learning_rate': 0.1, 'model__regressor__colsample_bytree': 0.5}",-0.14118298147189556,-0.13355155503609786,-0.12639403517083284,-0.13370952389294208,0.006038595244686672,26,-0.07946208117447444,-0.08182505133046329,-0.08111914643606485,-0.0808020929803342,0.000990386846932908
0.20912734667460123,0.002060789211545299,0.030389070510864258,0.0011336723461731456,0.7,0.0,1.0,63,1000,40,-1,0.03,0.7,"{'model__regressor__subsample': 0.7, 'model__regressor__reg_lambda': 0.0, 'model__regressor__reg_alpha': 1.0, 'model__regressor__num_leaves': 63, 'model__regressor__n_estimators': 1000, 'model__regressor__min_child_samples': 40, 'model__regressor__max_depth': -1, 'model__regressor__learning_rate': 0.03, 'model__regressor__colsample_bytree': 0.7}",-0.140940088504117,-0.13063914201904617,-0.12398622153918415,-0.1318551506874491,0.006974592417118178,21,-0.07826725687474476,-0.08038951968895303,-0.08160815866598214,-0.08008831174322664,0.0013804469963505368
0.37854425112406415,0.008912993750114749,0.030073881149291992,0.0013855443912275617,0.85,0.01,0.1,63,600,20,10,0.01,1.0,"{'model__regressor__subsample': 0.85, 'model__regressor__reg_lambda': 0.01, 'model__regressor__reg_alpha': 0.1, 'model__regressor__num_leaves': 63, 'model__regressor__n_estimators': 600, 'model__regressor__min_child_samples': 20, 'model__regressor__max_depth': 10, 'model__regressor__learning_rate': 0.01, 'model__regressor__colsample_bytree': 1.0}",-0.13744148012033078,-0.12813868264002135,-0.12503376405994301,-0.13020464227343173,0.005271874831845051,16,-0.06886483761026127,-0.07125163621860549,-0.07204435238558496,-0.07072027540481725,0.0013513170828116038
0.7139728864034017,0.011569772309500813,0.0479888121287028,0.0027075789833453036,0.85,10.0,0.01,15,1500,5,6,0.1,1.0,"{'model__regressor__subsample': 0.85, 'model__regressor__reg_lambda': 10.0, 'model__regressor__reg_alpha': 0.01, 'model__regressor__num_leaves': 15, 'model__regressor__n_estimators': 1500, 'model__regressor__min_child_samples': 5, 'model__regressor__max_depth': 6, 'model__regressor__learning_rate': 0.1, 'model__regressor__colsample_bytree': 1.0}",-0.13459064212541785,-0.12652614044438293,-0.1242055953549295,-0.12844079264157673,0.004450596880080394,9,-0.0013446330125743654,-0.0014216185043416727,-0.0014569479745056985,-0.0014077331638072458,4.689182359237023e-05
0.8113305568695068,0.008521776154450105,0.08903972307840984,0.003258215149544726,0.7,1.0,0.0,31,1000,10,-1,0.05,1.0,"{'model__regressor__subsample': 0.7, 'model__regressor__reg_lambda': 1.0, 'model__regressor__reg_alpha': 0.0, 'model__regressor__num_leaves': 31, 'model__regressor__n_estimators': 1000, 'model__regressor__min_child_samples': 10, 'model__regressor__max_depth': -1, 'model__regressor__learning_rate': 0.05, 'model__regressor__colsample_bytree': 1.0}",-0.13153789740031585,-0.12992321837520293,-0.1245176759426893,-0.1286595972394027,0.0030020472025670407,10,-0.0035962364740049022,-0.005129995269011127,-0.0027951605820251374,-0.0038404641083470553,0.0009687100037061364
0.3757365544637044,0.009356856550572851,0.04962603251139323,0.0005700097219562909,0.85,0.01,0.0,15,1000,40,-1,0.03,1.0,"{'model__regressor__subsample': 0.85, 'model__regressor__reg_lambda': 0.01, 'model__regressor__reg_alpha': 0.0, 'model__regressor__num_leaves': 15, 'model__regressor__n_estimators': 1000, 'model__regressor__min_child_samples': 40, 'model__regressor__max_depth': -1, 'model__regressor__learning_rate': 0.03, 'model__regressor__colsample_bytree': 1.0}",-0.1405681475635265,-0.1301565303876263,-0.12692512380960713,-0.13254993392025333,0.005821185998287958,25,-0.03764011546239665,-0.03844069718850484,-0.037908875737540815,-0.03799656279614744,0.00033266553797059944
0.3302010695139567,0.005836819921980326,0.05199249585469564,0.004541408394533747,0.85,0.0,0.0,63,1000,40,-1,0.03,0.7,"{'model__regressor__subsample': 0.85, 'model__regressor__reg_lambda': 0.0, 'model__regressor__reg_alpha': 0.0, 'model__regressor__num_leaves': 63, 'model__regressor__n_estimators': 1000, 'model__regressor__min_child_samples': 40, 'model__regressor__max_depth': -1, 'model__regressor__learning_rate': 0.03, 'model__regressor__colsample_bytree': 0.7}",-0.139163925039842,-0.12672555232431001,-0.12450985072857908,-0.1301331093642437,0.006449499061441661,15,-0.03879539265314283,-0.03970144600751131,-0.03951842606767055,-0.03933842157610823,0.00039118144381480413
0.2306817372639974,0.010121305379768289,0.02747797966003418,0.0015884104580185907,0.7,10.0,1.0,31,600,10,10,0.01,0.5,"{'model__regressor__subsample': 0.7, 'model__regressor__reg_lambda': 10.0, 'model__regressor__reg_alpha': 1.0, 'model__regressor__num_leaves': 31, 'model__regressor__n_estimators': 600, 'model__regressor__min_child_samples': 10, 'model__regressor__max_depth': 10, 'model__regressor__learning_rate': 0.01, 'model__regressor__colsample_bytree': 0.5}",-0.14399020285272174,-0.13648904252811078,-0.12978643485767857,-0.13675522674617036,0.005801717954922842,29,-0.10020766552973794,-0.103421342746649,-0.1047664619948106,-0.10279849009039917,0.001912522832288607
0.3010116418202718,0.011726645567312855,0.021555423736572266,0.0031234471991582625,0.85,10.0,0.01,63,600,10,6,0.03,1.0,"{'model__regressor__subsample': 0.85, 'model__regressor__reg_lambda': 10.0, 'model__regressor__reg_alpha': 0.01, 'model__regressor__num_leaves': 63, 'model__regressor__n_estimators': 600, 'model__regressor__min_child_samples': 10, 'model__regressor__max_depth': 6, 'model__regressor__learning_rate': 0.03, 'model__regressor__colsample_bytree': 1.0}",-0.13564818988463145,-0.12909014058853208,-0.12324655768690733,-0.12932829605335697,0.005065745013386573,12,-0.038614263747822446,-0.044131500739442074,-0.041065110650093425,-0.041270291712452646,0.002257070440000658
0.24837756156921387,0.0054830129562597535,0.019511302312215168,0.002213583447617227,1.0,0.01,0.01,63,600,10,6,0.05,0.5,"{'model__regressor__subsample': 1.0, 'model__regressor__reg_lambda': 0.01, 'model__regressor__reg_alpha': 0.01, 'model__regressor__num_leaves': 63, 'model__regressor__n_estimators': 600, 'model__regressor__min_child_samples': 10, 'model__regressor__max_depth': 6, 'model__regressor__learning_rate': 0.05, 'model__regressor__colsample_bytree': 0.5}",-0.13309783228499467,-0.1273278680598988,-0.12279547552447061,-0.12774039195645467,0.004216022665910071,6,-0.015479454288496118,-0.017847029369339476,-0.016273957892050817,-0.016533480516628802,0.000983824827008851
0.4966399669647217,0.00918141961795595,0.04724566141764323,0.0012716499390153372,0.7,10.0,0.01,15,1000,10,10,0.01,0.9,"{'model__regressor__subsample': 0.7, 'model__regressor__reg_lambda': 10.0, 'model__regressor__reg_alpha': 0.01, 'model__regressor__num_leaves': 15, 'model__regressor__n_estimators': 1000, 'model__regressor__min_child_samples': 10, 'model__regressor__max_depth': 10, 'model__regressor__learning_rate': 0.01, 'model__regressor__colsample_bytree': 0.9}",-0.13262306913365499,-0.12936570926402793,-0.11952058446186908,-0.12716978761985068,0.005569879115631432,5,-0.06578519775877985,-0.06898133710659524,-0.0685793403283724,-0.06778195839791583,0.0014214288913923744
0.3616141478220622,0.00962555250990374,0.031404336293538414,0.0010934979925630813,0.7,0.0,0.0,31,600,5,10,0.05,0.5,"{'model__regressor__subsample': 0.7, 'model__regressor__reg_lambda': 0.0, 'model__regressor__reg_alpha': 0.0, 'model__regressor__num_leaves': 31, 'model__regressor__n_estimators': 600, 'model__regressor__min_child_samples': 5, 'model__regressor__max_depth': 10, 'model__regressor__learning_rate': 0.05, 'model__regressor__colsample_bytree': 0.5}",-0.12934758432547813,-0.1269988425537267,-0.12213348763122957,-0.12615997150347813,0.003004283193231609,1,-0.0036068508349801913,-0.005219959148710408,-0.003595974842341916,-0.004140928275344172,0.0007630029668190875
0.8532915910085043,0.025603027832287854,0.0735783576965332,0.008590770645733558,0.85,0.0,0.0,31,1500,10,10,0.05,0.9,"{'model__regressor__subsample': 0.85, 'model__regressor__reg_lambda': 0.0, 'model__regressor__reg_alpha': 0.0, 'model__regressor__num_leaves': 31, 'model__regressor__n_estimators': 1500, 'model__regressor__min_child_samples': 10, 'model__regressor__max_depth': 10, 'model__regressor__learning_rate': 0.05, 'model__regressor__colsample_bytree': 0.9}",-0.13553328461972464,-0.1276454645647172,-0.12609238275341805,-0.12975704397928664,0.004133338661044911,14,-0.0005810149196955572,-0.0008795558974789372,-0.0008264157743838881,-0.0007623288638527941,0.00013003083718879786
0.7696162859598795,0.03312531115419086,0.0693799654642741,0.001766436986471172,0.7,1.0,0.0,31,1500,10,10,0.03,0.7,"{'model__regressor__subsample': 0.7, 'model__regressor__reg_lambda': 1.0, 'model__regressor__reg_alpha': 0.0, 'model__regressor__num_leaves': 31, 'model__regressor__n_estimators': 1500, 'model__regressor__min_child_samples': 10, 'model__regressor__max_depth': 10, 'model__regressor__learning_rate': 0.03, 'model__regressor__colsample_bytree': 0.7}",-0.1309727635336154,-0.12779626232981064,-0.12254397265141094,-0.127104332838279,0.0034756489801591175,4,-0.0050840504530232766,-0.007118095466601951,-0.004253411883516509,-0.005485185934380579,0.0012034077346166116
0.39898451169331867,0.002812369054963131,0.047316789627075195,0.0005804260359471431,1.0,0.01,0.0,15,1000,20,-1,0.01,0.9,"{'model__regressor__subsample': 1.0, 'model__regressor__reg_lambda': 0.01, 'model__regressor__reg_alpha': 0.0, 'model__regressor__num_leaves': 15, 'model__regressor__n_estimators': 1000, 'model__regressor__min_child_samples': 20, 'model__regressor__max_depth': -1, 'model__regressor__learning_rate': 0.01, 'model__regressor__colsample_bytree': 0.9}",-0.13467566311515475,-0.12778765038715761,-0.12476421484614962,-0.12907584278282067,0.004147592187721631,11,-0.05647650871090856,-0.059689549560646496,-0.05968271712371283,-0.0586162584650893,0.0015130341323393848
0.24430131912231445,0.005576249704595095,0.029758612314860027,5.8986103488265294e-05,0.85,1.0,0.1,63,600,40,10,0.1,1.0,"{'model__regressor__subsample': 0.85, 'model__regressor__reg_lambda': 1.0, 'model__regressor__reg_alpha': 0.1, 'model__regressor__num_leaves': 63, 'model__regressor__n_estimators': 600, 'model__regressor__min_child_samples': 40, 'model__regressor__max_depth': 10, 'model__regressor__learning_rate': 0.1, 'model__regressor__colsample_bytree': 1.0}",-0.14315126060756728,-0.1320197452053313,-0.13075261013922695,-0.13530787198404184,0.005570186510562218,28,-0.02137326344949033,-0.02273775789862836,-0.021623019167226372,-0.021911346838448354,0.0005931896323696958
0.2702125708262126,0.00288872975718201,0.03639070192972819,0.003634446148421516,0.7,0.1,1.0,31,1500,10,6,0.1,1.0,"{'model__regressor__subsample': 0.7, 'model__regressor__reg_lambda': 0.1, 'model__regressor__reg_alpha': 1.0, 'model__regressor__num_leaves': 31, 'model__regressor__n_estimators': 1500, 'model__regressor__min_child_samples': 10, 'model__regressor__max_depth': 6, 'model__regressor__learning_rate': 0.1, 'model__regressor__colsample_bytree': 1.0}",-0.13884981950105316,-0.1302669089484298,-0.12623406238193813,-0.13178359694380704,0.005260835724395662,20,-0.0421031258783639,-0.043570227713004527,-0.04240537448219607,-0.04269290935785484,0.0006325104356670317
0.4530545075734456,0.0037376706908832462,0.02286243438720703,0.0018877132439483995,0.85,0.1,0.0,63,300,5,10,0.01,1.0,"{'model__regressor__subsample': 0.85, 'model__regressor__reg_lambda': 0.1, 'model__regressor__reg_alpha': 0.0, 'model__regressor__num_leaves': 63, 'model__regressor__n_estimators': 300, 'model__regressor__min_child_samples': 5, 'model__regressor__max_depth': 10, 'model__regressor__learning_rate': 0.01, 'model__regressor__colsample_bytree': 1.0}",-0.14417897888702477,-0.13637225253045937,-0.13316738094817757,-0.13790620412188725,0.0046244695483438295,30,-0.050636311778058225,-0.0533655915722638,-0.05126622284740625,-0.051756042065909426,0.0011668145236428987
0.3732883135477702,0.008739982006727702,0.028817415237426758,0.003988631982853577,0.7,10.0,0.1,31,1000,20,6,0.03,1.0,"{'model__regressor__subsample': 0.7, 'model__regressor__reg_lambda': 10.0, 'model__regressor__reg_alpha': 0.1, 'model__regressor__num_leaves': 31, 'model__regressor__n_estimators': 1000, 'model__regressor__min_child_samples': 20, 'model__regressor__max_depth': 6, 'model__regressor__learning_rate': 0.03, 'model__regressor__colsample_bytree': 1.0}",-0.1340160780296963,-0.1294085263746996,-0.12160887956121304,-0.12834449465520298,0.005120792001513999,8,-0.04117738589245831,-0.04310190229478152,-0.043624844442857476,-0.0426347108766991,0.0010523669210650468
0.21655917167663574,0.002585796095123029,0.03481189409891764,0.000804306583327116,0.85,0.1,0.0,15,600,40,-1,0.03,0.9,"{'model__regressor__subsample': 0.85, 'model__regressor__reg_lambda': 0.1, 'model__regressor__reg_alpha': 0.0, 'model__regressor__num_leaves': 15, 'model__regressor__n_estimators': 600, 'model__regressor__min_child_samples': 40, 'model__regressor__max_depth': -1, 'model__regressor__learning_rate': 0.03, 'model__regressor__colsample_bytree': 0.9}",-0.13986849484934424,-0.12773996165133525,-0.125030721997444,-0.13087972616604115,0.006451535564344447,17,-0.0567871450986469,-0.057470518439352365,-0.05798537742519641,-0.057414346987731894,0.0004907861727744757
0.13374892870585123,0.003050580867754403,0.013086318969726562,0.0003063257227992266,1.0,0.0,0.01,15,300,20,6,0.03,0.9,"{'model__regressor__subsample': 1.0, 'model__regressor__reg_lambda': 0.0, 'model__regressor__reg_alpha': 0.01, 'model__regressor__num_leaves': 15, 'model__regressor__n_estimators': 300, 'model__regressor__min_child_samples': 20, 'model__regressor__max_depth': 6, 'model__regressor__learning_rate': 0.03, 'model__regressor__colsample_bytree': 0.9}",-0.1367543462642305,-0.1275767495680963,-0.12488280415429398,-0.12973796666220694,0.005081766262033044,13,-0.06550638186411589,-0.07045599025013918,-0.07023736929756172,-0.06873324713727226,0.0022834832162806867
0.23683698972066244,0.003587507740611682,0.028255939483642578,0.0015607978759020632,1.0,0.1,1.0,63,1500,40,10,0.03,1.0,"{'model__regressor__subsample': 1.0, 'model__regressor__reg_lambda': 0.1, 'model__regressor__reg_alpha': 1.0, 'model__regressor__num_leaves': 63, 'model__regressor__n_estimators': 1500, 'model__regressor__min_child_samples': 40, 'model__regressor__max_depth': 10, 'model__regressor__learning_rate': 0.03, 'model__regressor__colsample_bytree': 1.0}",-0.14411786464386486,-0.13091787871153202,-0.1292381024074789,-0.13475794858762527,0.006653892772545683,27,-0.07596812589602013,-0.07924482201027115,-0.07788126452834584,-0.07769807081154571,0.0013439628739151048
0.2207043170928955,0.01873799547217127,0.021706899007161457,0.0019404787660349922,1.0,0.01,1.0,31,1500,40,-1,0.05,0.5,"{'model__regressor__subsample': 1.0, 'model__regressor__reg_lambda': 0.01, 'model__regressor__reg_alpha': 1.0, 'model__regressor__num_leaves': 31, 'model__regressor__n_estimators': 1500, 'model__regressor__min_child_samples': 40, 'model__regressor__max_depth': -1, 'model__regressor__learning_rate': 0.05, 'model__regressor__colsample_bytree': 0.5}",-0.13999402065113054,-0.12975834035155667,-0.12613663770485067,-0.13196299956917928,0.005868114815358693,22,-0.07828998016774259,-0.08133372932188272,-0.0818593878154032,-0.08049436576834283,0.001573439146170542
0.6047194798787435,0.004488822602480953,0.059589544932047524,0.0006268816654386654,0.85,0.0,0.1,15,1500,20,10,0.01,0.7,"{'model__regressor__subsample': 0.85, 'model__regressor__reg_lambda': 0.0, 'model__regressor__reg_alpha': 0.1, 'model__regressor__num_leaves': 15, 'model__regressor__n_estimators': 1500, 'model__regressor__min_child_samples': 20, 'model__regressor__max_depth': 10, 'model__regressor__learning_rate': 0.01, 'model__regressor__colsample_bytree': 0.7}",-0.1315915660159083,-0.12525441121011313,-0.12173206610560172,-0.12619268111054105,0.004079436025144537,2,-0.04787502202674423,-0.05081311893851448,-0.05015155643195108,-0.049613232465736595,0.0012584243813036312
0.2533390522003174,0.005190220415016893,0.0182339350382487,0.0019602184238534702,1.0,0.0,0.0,31,300,5,10,0.03,1.0,"{'model__regressor__subsample': 1.0, 'model__regressor__reg_lambda': 0.0, 'model__regressor__reg_alpha': 0.0, 'model__regressor__num_leaves': 31, 'model__regressor__n_estimators': 300, 'model__regressor__min_child_samples': 5, 'model__regressor__max_depth': 10, 'model__regressor__learning_rate': 0.03, 'model__regressor__colsample_bytree': 1.0}",-0.13746123622977216,-0.12899004236697403,-0.12948937637176436,-0.13198021832283688,0.0038810223381813653,23,-0.02402937875267247,-0.025597227841688143,-0.023700259221498814,-0.024442288605286477,0.0008276446082246663
