mean_fit_time,std_fit_time,mean_score_time,std_score_time,param_model__regressor__max_depth,param_model__regressor__max_features,param_model__regressor__min_samples_leaf,param_model__regressor__n_estimators,params,split0_test_score,split1_test_score,split2_test_score,split3_test_score,split4_test_score,mean_test_score,std_test_score,rank_test_score,split0_train_score,split1_train_score,split2_train_score,split3_train_score,split4_train_score,mean_train_score,std_train_score
2.6641303062438966,0.017948498961689735,0.016290664672851562,0.0008975789563127979,10,0.5,1,200,"{'model__regressor__max_depth': 10, 'model__regressor__max_features': 0.5, 'model__regressor__min_samples_leaf': 1, 'model__regressor__n_estimators': 200}",-0.14211247160271964,-0.14865305551090363,-0.14160397059006094,-0.1290773725799926,-0.12222020746820725,-0.13673341555037682,0.00963309472597615,4,-0.058373345888321077,-0.06067805020007559,-0.06078831592843347,-0.06082633204543563,-0.061441129989773885,-0.06042143481040794,0.001058191048488702
6.859954214096069,0.0034759419930000335,0.0334010124206543,0.0024550936625720955,10,0.5,1,500,"{'model__regressor__max_depth': 10, 'model__regressor__max_features': 0.5, 'model__regressor__min_samples_leaf': 1, 'model__regressor__n_estimators': 500}",-0.1405048761102485,-0.14847463673555214,-0.14206816071012004,-0.1289304483915463,-0.12142267737723875,-0.13628015986494116,0.009744921671307137,3,-0.058400623731816544,-0.06055208199577165,-0.06065097804971759,-0.060359587956246595,-0.0604657762103295,-0.060085809588776386,0.0008480573031646425
1.749303150177002,0.006707220672734761,0.015662574768066408,0.0018889081416574402,10,0.5,5,200,"{'model__regressor__max_depth': 10, 'model__regressor__max_features': 0.5, 'model__regressor__min_samples_leaf': 5, 'model__regressor__n_estimators': 200}",-0.14558332464786472,-0.1525323069497907,-0.14830086993174557,-0.12965270813630458,-0.12607373079714307,-0.14042858809256975,0.010556757620486128,12,-0.09383721887603287,-0.09499767218627808,-0.09505631630438707,-0.09710189171091246,-0.09708413745247105,-0.0956154473060163,0.0012824147254217085
4.415776157379151,0.011365332730803129,0.02970409393310547,0.0024665262673739673,10,0.5,5,500,"{'model__regressor__max_depth': 10, 'model__regressor__max_features': 0.5, 'model__regressor__min_samples_leaf': 5, 'model__regressor__n_estimators': 500}",-0.1446975856596356,-0.15149762963823477,-0.1486521914486993,-0.13091414191541997,-0.12627630401017026,-0.140407570534432,0.009991849631017123,11,-0.09350476098825379,-0.09464303521864553,-0.09500915298775992,-0.09668295176727788,-0.0963183417415878,-0.09523164854070498,0.0011545816299511206
1.3961153984069825,0.008183778379316966,0.01999554634094238,0.0029251409829899105,10,0.5,10,200,"{'model__regressor__max_depth': 10, 'model__regressor__max_features': 0.5, 'model__regressor__min_samples_leaf': 10, 'model__regressor__n_estimators': 200}",-0.15081179906240977,-0.15860424375426702,-0.15197515035972126,-0.13574934593799226,-0.13239442640826107,-0.14590699310453026,0.010078363782890738,17,-0.11614032016967792,-0.11727941797229718,-0.11640244752473111,-0.12036900832992135,-0.11967354822502536,-0.1179729484443306,0.0017285327093575326
4.000386047363281,0.015924870283056853,0.0326329231262207,0.0007455415774205587,10,0.5,10,500,"{'model__regressor__max_depth': 10, 'model__regressor__max_features': 0.5, 'model__regressor__min_samples_leaf': 10, 'model__regressor__n_estimators': 500}",-0.1503121984081303,-0.15860718160934315,-0.1529579700337153,-0.13569651490181314,-0.13244323196130559,-0.1460034193828615,0.010157727468235705,20,-0.11627060710575725,-0.11705390785003936,-0.11607312835436003,-0.11978476956265065,-0.11908440792381726,-0.1176533641593249,0.0015072680839482396
5.535342025756836,0.02441334424759777,0.018011760711669923,0.0017019013804538278,10,1.0,1,200,"{'model__regressor__max_depth': 10, 'model__regressor__max_features': 1.0, 'model__regressor__min_samples_leaf': 1, 'model__regressor__n_estimators': 200}",-0.14223653793804106,-0.15333387394359252,-0.1428958165625104,-0.13320066673875422,-0.12523868702658786,-0.1393811164418972,0.009522523395189754,8,-0.05830140697034135,-0.060228603467196135,-0.05988332031342333,-0.059736831127621404,-0.060771592634682146,-0.05978435090265287,0.000822579158285728
14.146842193603515,0.02539285122113793,0.03694815635681152,0.0015916152454798105,10,1.0,1,500,"{'model__regressor__max_depth': 10, 'model__regressor__max_features': 1.0, 'model__regressor__min_samples_leaf': 1, 'model__regressor__n_estimators': 500}",-0.14258247212047603,-0.15228103656866465,-0.14287122372766797,-0.13385031590386595,-0.12517404640858398,-0.13935181894585172,0.009178929873689195,7,-0.05827535420186828,-0.05980819080792359,-0.06001145459977305,-0.05942488388311551,-0.0598305844433979,-0.05947009358721567,0.0006271811939469572
3.693658447265625,0.026405055079184787,0.02323775291442871,0.006149345139556004,10,1.0,5,200,"{'model__regressor__max_depth': 10, 'model__regressor__max_features': 1.0, 'model__regressor__min_samples_leaf': 5, 'model__regressor__n_estimators': 200}",-0.14565771914676487,-0.15453729511099762,-0.15089974795193264,-0.13753258129345503,-0.1286979250368397,-0.14346505370799795,0.009337444061983084,16,-0.09109252530391025,-0.09180789026306674,-0.09226546327914703,-0.09314174301700814,-0.09482495914648767,-0.09262651620192397,0.001284698078731986
9.90855073928833,0.01967805228077945,0.04152665138244629,0.0033653047093057838,10,1.0,5,500,"{'model__regressor__max_depth': 10, 'model__regressor__max_features': 1.0, 'model__regressor__min_samples_leaf': 5, 'model__regressor__n_estimators': 500}",-0.14588118704632566,-0.1541860065232834,-0.15070029608261945,-0.13774934240040115,-0.12827018013111663,-0.14335740243674927,0.00934474030226483,15,-0.09107340023726411,-0.09178692994791529,-0.09254718041668136,-0.09271389159484934,-0.09403202214330807,-0.09243068486800363,0.0009914333359587507
2.995043087005615,0.016246337914825812,0.015928936004638673,0.00044752917359671757,10,1.0,10,200,"{'model__regressor__max_depth': 10, 'model__regressor__max_features': 1.0, 'model__regressor__min_samples_leaf': 10, 'model__regressor__n_estimators': 200}",-0.15142123201799118,-0.1614287104243083,-0.1530801791787554,-0.14103961814609547,-0.13444523136786454,-0.14828299422700297,0.009482842951661874,24,-0.1150010317551825,-0.11528253500767685,-0.11510831359987693,-0.11632941234362411,-0.11732202803010952,-0.11580866414729399,0.0008923028373148817
6.810662460327149,0.016890652663725074,0.03094964027404785,0.001757934096771931,10,1.0,10,500,"{'model__regressor__max_depth': 10, 'model__regressor__max_features': 1.0, 'model__regressor__min_samples_leaf': 10, 'model__regressor__n_estimators': 500}",-0.1514269078416712,-0.16102703525687712,-0.15340188309507072,-0.1414610167865393,-0.13398900945282086,-0.14826117048659587,0.009480008368938905,22,-0.11477513032877158,-0.11548106159099178,-0.11496674657603836,-0.1159106253044861,-0.11698688577430538,-0.11562408991491865,0.0007889999783729793
4.843118047714233,0.013330863201865209,0.021134376525878906,0.001270153108343152,,0.5,1,200,"{'model__regressor__max_depth': None, 'model__regressor__max_features': 0.5, 'model__regressor__min_samples_leaf': 1, 'model__regressor__n_estimators': 200}",-0.13968790648918,-0.14807522888001332,-0.13974465747867537,-0.1272886202413677,-0.12156218662872502,-0.13527171994359227,0.009540659300596705,2,-0.04988517090782116,-0.05138761616305199,-0.05084475011258506,-0.05150030280419736,-0.0525997396943256,-0.051243515936396235,0.0008865847563841624
12.117236185073853,0.03929132683481607,0.04400677680969238,0.002082405136496723,,0.5,1,500,"{'model__regressor__max_depth': None, 'model__regressor__max_features': 0.5, 'model__regressor__min_samples_leaf': 1, 'model__regressor__n_estimators': 500}",-0.13981761518651897,-0.14786450115084337,-0.13994623729996764,-0.1267377822523438,-0.12135928642199216,-0.13514508446233317,0.00966848624029532,1,-0.04993463516098681,-0.05113619656070416,-0.050726755759497984,-0.05079906891256436,-0.05162683094208477,-0.05084469746716762,0.0005551414426347474
2.1714634895324707,0.005720730540964059,0.01817183494567871,0.0013009402905175087,,0.5,5,200,"{'model__regressor__max_depth': None, 'model__regressor__max_features': 0.5, 'model__regressor__min_samples_leaf': 5, 'model__regressor__n_estimators': 200}",-0.14431044343785007,-0.15207987477903517,-0.14768393250056236,-0.12987852401856864,-0.12612112365750594,-0.14001477967870443,0.010184424464442685,9,-0.09261050858300078,-0.09389609356776812,-0.0940776779483427,-0.09630047303605847,-0.09618048713898264,-0.09461304805483055,0.0014223274990996704
5.312483787536621,0.017633093528310374,0.03599834442138672,0.0036526453985779575,,0.5,5,500,"{'model__regressor__max_depth': None, 'model__regressor__max_features': 0.5, 'model__regressor__min_samples_leaf': 5, 'model__regressor__n_estimators': 500}",-0.14469247799886567,-0.1515664227813602,-0.14810668234648044,-0.13049884234968487,-0.12601911746346806,-0.14017670858797185,0.010070756952333573,10,-0.09275930578103866,-0.09377092295290393,-0.09409077363327441,-0.09570973741293053,-0.09571486286233735,-0.09440912052849697,0.0011512685972072869
1.6152169704437256,0.010043367040039074,0.021477222442626953,0.0026817281207152997,,0.5,10,200,"{'model__regressor__max_depth': None, 'model__regressor__max_features': 0.5, 'model__regressor__min_samples_leaf': 10, 'model__regressor__n_estimators': 200}",-0.15091896248830713,-0.15892846778494535,-0.15172439724375963,-0.13596661572847316,-0.13236424199925706,-0.14598053704894848,0.010106542407715257,19,-0.1160533671948927,-0.11741200011665723,-0.11634493780858429,-0.12029285296614632,-0.11969624120561839,-0.11795987985837979,0.001732092077308269
3.9188826084136963,0.01711666508588043,0.03161134719848633,0.001953214047542182,,0.5,10,500,"{'model__regressor__max_depth': None, 'model__regressor__max_features': 0.5, 'model__regressor__min_samples_leaf': 10, 'model__regressor__n_estimators': 500}",-0.15040629504840144,-0.15843492635329326,-0.15262164183910598,-0.13576564230112081,-0.13238816896601294,-0.14592333490158688,0.010078527710242608,18,-0.11615487123859285,-0.11694160681226927,-0.11605123167259337,-0.1197250911479898,-0.11902556987126826,-0.11757967414854271,0.0015143816033364543
8.604224967956544,0.022631398845510988,0.021992206573486328,0.0013718798542878964,,1.0,1,200,"{'model__regressor__max_depth': None, 'model__regressor__max_features': 1.0, 'model__regressor__min_samples_leaf': 1, 'model__regressor__n_estimators': 200}",-0.14215222678236772,-0.15224027469600213,-0.1421017560958564,-0.13298920507882242,-0.12447772322532971,-0.13879223717567565,0.009398645114483035,6,-0.05110479410436972,-0.05270641078097303,-0.05177399769646954,-0.052366542581481046,-0.05362267238167675,-0.05231488350899401,0.0008512517640933926
22.820241928100586,0.03245810823932698,0.048717927932739255,0.0013704411702639304,,1.0,1,500,"{'model__regressor__max_depth': None, 'model__regressor__max_features': 1.0, 'model__regressor__min_samples_leaf': 1, 'model__regressor__n_estimators': 500}",-0.1421550751927629,-0.15112060421368656,-0.14179000744077652,-0.13362540463202438,-0.12464345207678804,-0.1386669087112077,0.008934088449349634,5,-0.05099248558516346,-0.05234203483158859,-0.05187507399205138,-0.05165751384457312,-0.0526524091918936,-0.051903903489054035,0.000573487829484049
3.843277835845947,0.006348943081274665,0.017368173599243163,0.0014582380536208278,,1.0,5,200,"{'model__regressor__max_depth': None, 'model__regressor__max_features': 1.0, 'model__regressor__min_samples_leaf': 5, 'model__regressor__n_estimators': 200}",-0.1453226297485959,-0.15445021880987111,-0.15074845665085684,-0.13744581829664787,-0.1285701602182685,-0.14330745674484804,0.00932885054531078,14,-0.09025434633656361,-0.09098772538351017,-0.09125823391709731,-0.09231719511451043,-0.09407232778908053,-0.09177796570815241,0.0013244532914290879
9.397235822677612,0.023228793342265325,0.03313121795654297,0.0007429888885343881,,1.0,5,500,"{'model__regressor__max_depth': None, 'model__regressor__max_features': 1.0, 'model__regressor__min_samples_leaf': 5, 'model__regressor__n_estimators': 500}",-0.14560764087004727,-0.15405446007069507,-0.15062018146219533,-0.13758113676033454,-0.12813919541663246,-0.14320052291598093,0.009349594519064296,13,-0.09022315341408699,-0.09105239020412088,-0.0915662682684021,-0.09186002628085557,-0.0932978981284794,-0.09159994725918898,0.0010146124922275632
2.7687150955200197,0.008982082755372805,0.016651010513305663,0.0011865883444623125,,1.0,10,200,"{'model__regressor__max_depth': None, 'model__regressor__max_features': 1.0, 'model__regressor__min_samples_leaf': 10, 'model__regressor__n_estimators': 200}",-0.1514208862445222,-0.16141944367112881,-0.15305151175671483,-0.14101967765750634,-0.13444259822651886,-0.1482708235112782,0.00948117100521016,23,-0.11493864559952825,-0.11524496803125668,-0.11503890767824074,-0.11629311686354717,-0.11728529528595304,-0.11576018669170515,0.0009022853475239469
7.216451787948609,0.04159459797193882,0.04160399436950683,0.005442225272109592,,1.0,10,500,"{'model__regressor__max_depth': None, 'model__regressor__max_features': 1.0, 'model__regressor__min_samples_leaf': 10, 'model__regressor__n_estimators': 500}",-0.15141947471267134,-0.16101997694251227,-0.1533710747408734,-0.1414559246208507,-0.13397595921450414,-0.14824848204628235,0.00947893429295524,21,-0.11473017314426492,-0.1154425619545319,-0.11490139522319677,-0.11586621327036395,-0.11695476847844335,-0.11557902241416018,0.0007966807354586067
